{"cameraMode":{"drawMode":0,"name":"Shaded","section":"Shading Mode"},"sceneLighting":true,"audioPlay":false,"sceneViewState":{"showFog":true,"showMaterialUpdate":false,"showSkybox":true,"showFlares":true,"showImageEffects":true,"showParticleSystems":true},"in2DMode":false,"pivot":{"x":-0.4300018548965454,"y":3.4410386085510256,"z":5.088531494140625},"rotation":{"x":-0.002629609778523445,"y":-0.9961912035942078,"z":0.08117806166410446,"w":-0.032280344516038898},"size":2.8578836917877199,"orthographic":false}