{"cameraMode":{"drawMode":0,"name":"Shaded","section":"Shading Mode"},"sceneLighting":true,"audioPlay":false,"sceneViewState":{"showFog":true,"showMaterialUpdate":false,"showSkybox":true,"showFlares":true,"showImageEffects":true,"showParticleSystems":true},"in2DMode":false,"pivot":{"x":-0.4235292673110962,"y":3.289491891860962,"z":5.118109703063965},"rotation":{"x":-0.0036621273029595615,"y":-0.9935871958732605,"z":0.10803700983524323,"w":-0.0336880087852478},"size":2.8578836917877199,"orthographic":false}